{
  "threshold": 0.3081335425376892,
  "pr_auc": 0.42917334292330417,
  "best_f1": 0.5691489361697801
}